,Training,Validation,Testing
Training,1.0,0.966915278154405,0.8088308952436343
Validation,0.966915278154405,1.0,0.8040807292484554
Testing,0.8088308952436343,0.8040807292484554,1.0
