,Training,Validation,Testing
Training,1.0,0.9953532187850526,0.9906133970205584
Validation,0.9953532187850526,1.0,0.9844850433408557
Testing,0.9906133970205584,0.9844850433408557,1.0
