,Training,Validation,Testing
Training,1.0,0.9994349741836188,0.9982496830139196
Validation,0.9994349741836188,1.0,0.9974732477327604
Testing,0.9982496830139196,0.9974732477327604,1.0
