,pred_r2,pred_naive_r2,pred_pearson_corr
0,-0.03144478797912598,-0.005460381507873535,0.1326385736465454
