,pred_r2,pred_naive_r2,pred_pearson_corr
0,-0.000880122184753418,-0.00087738037109375,0.013343892060220242
