,pred_r2,pred_naive_r2,pred_pearson_corr
0,-0.00543665885925293,0.0037050247192382812,0.10224761068820953
