,index,variable,value
35,35,diff(HT_DCPERIOD),-1.915095e-05
61,61,diff(NATR),-1.8018436e-05
31,31,diff(MA),-1.6771059e-05
60,60,diff(ATR),-1.5929592e-05
20,20,diff(log(vwap)),-1.4825896e-05
16,16,diff(log(low)),-1.43639845e-05
37,37,diff(CCI),-1.424546e-05
55,55,diff(WCLPRICE),-1.2335765e-05
9,9,diff(low),-1.2018194e-05
39,39,diff(DX),-1.03855855e-05
6,6,pct_change(vwap),-1.0326865e-05
43,43,diff(MOM),-1.0122498e-05
53,53,diff(MEDPRICE),-8.778576e-06
29,29,diff(EMA),-8.334225e-06
58,58,diff(LINEARREG_ANGLE),-8.144541e-06
17,17,diff(log(close)),-7.325287e-06
33,33,diff(TRIMA),-7.191018e-06
2,2,pct_change(low),-7.1795334e-06
23,23,PPO,-7.1473314e-06
69,69,diff(diff(ADXR)),-6.8334757e-06
65,65,diff(OBV),-6.8009094e-06
57,57,diff(LINEARREG),-6.602345e-06
54,54,diff(TYPPRICE),-6.3728676e-06
36,36,diff(HT_DCPHASE),-5.846434e-06
52,52,diff(AVGPRICE),-5.4944235e-06
11,11,diff(adjClose),-5.489035e-06
24,24,CORREL,-5.2795376e-06
14,14,diff(log(open)),-5.1321017e-06
26,26,STDDEV,-5.080758e-06
62,62,diff(TRANGE),-4.8623e-06
1,1,pct_change(high),-4.634819e-06
67,67,diff(diff(SMA)),-4.4231647e-06
49,49,diff(RSI),-4.385093e-06
71,71,diff(diff(diff(TRIX))),-4.212019e-06
68,68,diff(diff(ADX)),-3.8074318e-06
10,10,diff(close),-3.5393036e-06
66,66,diff(diff(HT_TRENDLINE)),-3.1466998e-06
30,30,diff(KAMA),-3.0822318e-06
48,48,diff(ROCR),-2.9441285e-06
25,25,LINEARREG_SLOPE,-2.9281182e-06
46,46,diff(ROC),-2.9252922e-06
5,5,pct_change(volume),-2.8381353e-06
34,34,diff(WMA),-2.8099614e-06
27,27,VAR,-2.640416e-06
21,21,APO,-2.5815107e-06
28,28,diff(DEMA),-2.2122572e-06
47,47,diff(ROCP),-2.0384648e-06
19,19,diff(log(volume)),2.5894499e-06
13,13,diff(vwap),2.650745e-06
15,15,diff(log(high)),2.7048884e-06
12,12,diff(volume),2.7297704e-06
18,18,diff(log(adjClose)),2.8531988e-06
45,45,diff(PLUS_DM),2.9510413e-06
8,8,diff(high),2.9993562e-06
38,38,diff(CMO),3.051503e-06
42,42,diff(MINUS_DM),4.3757213e-06
4,4,pct_change(adjClose),4.8658767e-06
51,51,diff(WILLR),5.1884326e-06
44,44,diff(PLUS_DI),5.709717e-06
32,32,diff(TEMA),6.2608824e-06
59,59,diff(LINEARREG_INTERCEPT),6.887892e-06
3,3,pct_change(close),6.897807e-06
56,56,diff(BETA),7.547702e-06
70,70,diff(diff(diff(T3))),8.110647e-06
0,0,pct_change(open),8.468242e-06
7,7,diff(open),1.09007815e-05
40,40,diff(MFI),1.1806964e-05
41,41,diff(MINUS_DI),1.25419e-05
63,63,diff(AD),1.6659711e-05
64,64,diff(ADOSC),1.9163408e-05
22,22,BOP,1.9425786e-05
50,50,diff(ULTOSC),2.2849687e-05
